{"learning_rate": 2.419197584455757e-05, "per_device_train_batch_size": 8, "weight_decay": 0.08044739840132131, "warmup_steps": 229}